seqnames	start	end	width	strand	dt_CEN	dt_JUNC	dt_TEL	dt_nearest
CP029160.1	20001	29000	9000	*	534609	919843	12635	12635
CP029160.1	531001	561000	30000	*	2609	387843	523635	2609
CP029160.1	571001	615000	44000	*	7389	333843	563635	7389
CP029160.1	908001	930000	22000	*	156125	18843	900635	18843
CP029160.1	1081001	1092000	11000	*	0	122135	1073635	0
CP029160.1	1497001	1498000	1000	*	150525	10437	1489635	10437
CP029160.1	1499001	1539000	40000	*	109525	0	1491635	0
CP029160.1	1540001	1541000	1000	*	107525	31543	1532635	31543
CP029160.1	1619001	1620000	1000	*	28525	110543	1611635	28525
CP029160.1	1621001	1632000	11000	*	16525	112543	1613635	16525
CP029160.1	1637001	1652000	15000	*	0	117220	1629635	0
CP029160.1	1654001	1655000	1000	*	5473	114220	1646635	5473
CP029160.1	1742001	1762000	20000	*	93473	7220	1734635	7220
CP029160.1	1768001	1794000	26000	*	119473	0	1760635	0
CP029160.1	2038001	2044000	6000	*	336171	268739	2030635	268739
CP029160.1	2046001	2047000	1000	*	333171	276739	2038635	276739
CP029160.1	2255001	2257000	2000	*	123171	273050	2247635	123171
CP029160.1	2259001	2261000	2000	*	119171	269050	2251635	119171
CP029160.1	2337001	2353000	16000	*	27171	177050	2329635	27171
CP029160.1	2373001	2385000	12000	*	0	145050	2365635	0
CP029160.1	2409001	2410000	1000	*	28827	120050	2401635	28827
CP029160.1	2412001	2434000	22000	*	31827	96050	2404635	31827
CP029160.1	2494001	2531000	37000	*	113827	0	2486635	0
CP029160.1	2748001	2775000	27000	*	19476	217930	2740635	19476
CP029160.1	2791001	2800000	9000	*	0	260930	2783635	0
CP029160.1	2941001	2948000	7000	*	146522	410930	2933635	146522
CP029160.1	2979001	2980000	1000	*	184522	448930	2971635	184522
CP029160.1	2982001	2983000	1000	*	187522	451930	2974635	187522
CP029160.1	3294001	3301000	7000	*	278497	142261	3286635	142261
CP029160.1	3443001	3481000	38000	*	98497	0	3435635	0
CP029160.1	3542001	3583000	41000	*	0	98719	3534635	0
CP029160.1	3587001	3621000	34000	*	7501	143719	3579635	7501
CP029160.1	3701001	3714000	13000	*	121501	257719	3693635	121501
CP029160.1	3734001	3736000	2000	*	154501	290719	3726635	154501
CP029160.1	3737001	3742000	5000	*	157501	293719	3729635	157501
CP029160.1	3871001	3885000	14000	*	291501	427719	3863635	291501
CP029160.1	4500001	4521000	21000	*	318198	6971	4492635	6971
CP029160.1	4551001	4555000	4000	*	284198	7585	4543635	7585
CP029160.1	4557001	4574000	17000	*	265198	13585	4549635	13585
CP029160.1	5057001	5061000	4000	*	217683	513585	5049635	217683
CP029160.1	5585001	5614000	29000	*	408752	0	5577635	0
CP029160.1	5846001	5869000	23000	*	153752	259607	5838635	153752
CP029160.1	5895001	5896000	1000	*	126752	308607	5887635	126752
CP029160.1	5947001	5958000	11000	*	64752	283024	5879703	64752
CP029160.1	6058001	6077000	19000	*	35246	164024	5760703	35246
CP029160.1	6234001	6237000	3000	*	152592	4024	5600703	4024
CP029160.1	6246001	6247000	1000	*	142592	4956	5590703	4956
CP029160.1	6248001	6250000	2000	*	139592	6956	5587703	6956
CP029160.1	6251001	6253000	2000	*	136592	9956	5584703	9956
CP029160.1	6273001	6278000	5000	*	111592	31956	5559703	31956
CP029160.1	6401001	6410000	9000	*	11403	31022	5427703	11403
CP029160.1	6440001	6457000	17000	*	50403	0	5380703	0
CP029160.1	6552001	6559000	7000	*	110720	110958	5278703	110720
CP029160.1	6648001	6657000	9000	*	12720	206958	5180703	12720
CP029160.1	6670001	6671000	1000	*	278	228958	5166703	278
CP029160.1	7176001	7181000	5000	*	166015	55302	4656703	55302
CP029160.1	7182001	7183000	1000	*	164015	53302	4654703	53302
CP029160.1	7184001	7204000	20000	*	143015	32302	4633703	32302
CP029160.1	7215001	7237000	22000	*	110015	0	4600703	0
CP029160.1	7326001	7341000	15000	*	6015	89678	4496703	6015
CP029160.1	7345001	7354000	9000	*	0	108678	4483703	0
CP029160.1	7375001	7387000	12000	*	27983	138678	4450703	27983
CP029160.1	7536001	7567000	31000	*	188983	0	4270703	0
CP029160.1	8162001	8179000	17000	*	166504	596703	3658703	166504
CP029160.1	8380001	8381000	1000	*	384504	694981	3456703	384504
CP029160.1	8382001	8396000	14000	*	386504	679981	3441703	386504
CP029160.1	8771001	8787000	16000	*	775504	288981	3050703	288981
CP029160.1	9033001	9034000	1000	*	533465	41981	2803703	41981
CP029160.1	9035001	9036000	1000	*	531465	39981	2801703	39981
CP029160.1	9037001	9050000	13000	*	517465	25981	2787703	25981
CP029160.1	9088001	9127000	39000	*	440465	11999	2710703	11999
CP029160.1	9157001	9158000	1000	*	409465	80999	2679703	80999
CP029160.1	9159001	9165000	6000	*	402465	82999	2672703	82999
CP029160.1	9189001	9201000	12000	*	366465	112999	2636703	112999
CP029160.1	9247001	9248000	1000	*	319465	170999	2589703	170999
CP029160.1	9250001	9251000	1000	*	316465	173999	2586703	173999
CP029160.1	9253001	9265000	12000	*	302465	176999	2572703	176999
CP029160.1	9427001	9439000	12000	*	128465	350999	2398703	128465
CP029160.1	9567001	9578000	11000	*	0	490999	2259703	0
CP029160.1	9604001	9620000	16000	*	36533	526532	2217703	36533
CP029160.1	10103001	10107000	4000	*	136769	39532	1730703	39532
CP029160.1	10108001	10109000	1000	*	134769	37532	1728703	37532
CP029160.1	10110001	10114000	4000	*	129769	32532	1723703	32532
CP029160.1	10115001	10116000	1000	*	127769	30532	1721703	30532
CP029160.1	10142001	10167000	25000	*	76769	0	1670703	0
CP029160.1	10219001	10236000	17000	*	7769	72448	1601703	7769
CP029160.1	10257001	10269000	12000	*	13229	110448	1568703	13229
CP029160.1	10498001	10500000	2000	*	254229	178081	1337703	178081
CP029160.1	10501001	10504000	3000	*	257229	174081	1333703	174081
CP029160.1	10559001	10560000	1000	*	315229	118081	1277703	118081
CP029160.1	10689001	10713000	24000	*	320558	0	1124703	0
CP029160.1	10856001	10860000	4000	*	173558	166988	977703	166988
CP029160.1	10907001	10923000	16000	*	110558	190902	914703	110558
CP029160.1	10989001	11019000	30000	*	14558	94902	818703	14558
CP029160.1	11036001	11059000	23000	*	2440	54902	778703	2440
CP029160.1	11113001	11115000	2000	*	79440	0	722703	0
CP029160.1	11118001	11140000	22000	*	84440	4078	697703	4078
CP029160.1	11523001	11533000	10000	*	0	409078	304703	0
CP029160.1	11544001	11549000	5000	*	15612	430078	288703	15612
CP029160.1	11571001	11584000	13000	*	42612	457078	253703	42612
