name	start	end	OEMm_BY	OEMm_SY	d_OEMm	dt_signif_RFD	dt_CEN	dt_JUNC	dt_TEL	dInit_SY_BY	dInitSY_BY_padj	dRT_SY_BY	dRT_SY_BY_padj	rif1_Hafner	rif1RBM	fkh1fkh2_Knott	ctf19_Natsume	Table1	Table2	Table3	Table123
ARS1604	50640	50875	0.14101269786472373	0.09058910648280617	-0.050423591381917564	21639	512852	898086	43391	-0.1634389251995405	0.9118833769114784	-0.018427420502918235	0.9082046491564587	null	act	null	null				
ARS1605	80702	80946	0.7744601996577516	0.7529763856712652	-0.021483813986486317	51701	482785	868019	73458	-0.24775509997513234	0.6483741390446104	3.7229844762087794e-4	0.5852967546990265	null	null	null	null				
Likely_chrXVI_2	97421	100637	0.03543943607603197	0.022511249427591314	-0.012928186648440657	68420	464580	849814	91663	-0.7504846785877488	0.7121390754819379	-0.03162330310104089	0.9940125385903733	NA	null	null	null				
ARS1607	124168	124427	0.3212091023341203	0.10920112583642969	-0.21200797649769065	95167	439312	824546	116931	-1.679904911252359	0.11809465240937098	-0.035767291931614764	0.7807979379727477	null	null	rep	null				
Likely_chrXVI_3	169348	171101	0.8049890620202812	0.6279654604418565	-0.17702360157842464	140347	393385	778619	162858	-0.4663573769321854	0.4186874151500743	-0.014368750293948906	0.9436653178257379	null	null	rep	null				
Likely_chrXVI_5	197618	199111	-0.11576956104020066	0.0803529408106656	0.19612250185086624	168617	365245	750479	190998	0.3400139407993743	0.7240510749919908	-0.013482442582152254	0.9436653178257379	NA	NA	NA	null				
ARS1609	218121	219376	0.4128265639415086	0.35250230027548574	-0.06032426366602284	189120	344861	730095	211382	-0.5631930853093436	0.33861459335559685	-0.03810069065823196	0.7567932834121099	null	null	null	null				
Likely_chrXVI_9	257898	258607	0.01747759939886843	0.07991420441774975	0.062436605018881326	228897	305357	690591	250886	-0.7025777214098556	0.6781116490557856	0.11341317717810506	0.012915229182647543	NA	NA	NA	null				
Likely_chrXVI_10	268821	270339	0.13040786914548672	0.03366507204698711	-0.0967427970984996	239820	294029	679263	262214	-0.7112405482420601	0.5534655217274478	-0.00682515534953354	0.8027884269903703	null	null	rep	null				
ARS1614	297136	297356	0.7954540123227495	0.7660733073005849	-0.02938070502216457	233644	266363	651597	289880	0.09212240479552758	0.8533512385061859	0.12689710902966334	0.0931456966622659	null	null	act	null				
Likely_chrXVI_14	324396	326049	-0.12313618971780392	-0.08078048519823205	0.042355704519571866	204951	238387	623621	317856	-1.4731041805789729	0.48572147838894986	-0.07298312509516003	0.36103320855459337	NA	NA	null	null				
ARS1617	339331	339726	0.1273792467961207	0.043047547610068966	-0.08433169918605174	191274	224081	609315	332162	-0.10571236007205798	0.9330005068632364	0.009731418240303213	0.6313773901423972	null	null	rep	null				
ARS1618	392193	392440	0.7328905116326065	0.5377525421640565	-0.19513796946855008	138560	171293	556527	384950	-0.06954832301762837	0.9172816761133016	0.01327704342348257	0.549969426688801	null	null	act	null				
ARS1619	425789	426015	0.7420846214203407	0.8095643665647017	0.06747974514436086	104985	137707	522941	418536	0.050863062080605204	0.9172816761133016	-0.08420117749469802	0.9436653178257379	null	null	act	null				
ARS1620.5	464215	464462	0.37260262672138467	0.334898485892242	-0.03770414082914267	66538	99271	484505	456972	-0.2574163508973797	0.7240510749919908	0.08045139521054612	0.12351079419257224	null	act	null	null				
ARS1621	519275	519595	0.8473209514672387	0.6824525748210285	-0.16486837664621024	11405	44174	429408	512069	0.31008034916753324	0.4873427076363849	-0.23398303726194003	0.11757445827961983	null	null	act	null				
Likely_chrXVI_22	560063	561946	0.18023058010433535	-0.2712724070761403	-0.45150298718047566	0	2605	387839	553638	-1.986600926330176	0.28837414795161764	-0.5955089184830789	9.566994487419707e-11	NA	NA	rep	act	R			R
ARS1622	570717	570955	0.672306174347424	0.2263274635584451	-0.4459787107889789	45	7224	378007	563470	-1.8575575507869488	2.675675210756795e-4	-0.7096307785948637	2.4897701400098403e-11	null	NA	rep	act	R			R
ARS1622.7	590933	591381	0.007583321736601432	0.14684722596764255	0.13926390423104112	0	27545	357686	583791	3.0243640402656533	0.0010970611826161217	-0.1848386716871715	0.005862257146178032	NA	NA	rep	null	A			A
ARS1623	640763	641011	0.8816408887605272	0.8300458239902614	-0.05159506477026573	25762	77275	307956	633521	0.1937258322373463	0.6441005765028502	0.06936659375402487	0.2557831975082002	null	rep	act	null				
ARS1624	691278	691526	0.613436156008617	0.6510698640522069	0.03763370804358994	76277	127790	257441	684036	-0.1768404851286225	0.7879331693460745	0.06038370932187087	0.39964114518788657	null	null	null	null				
ARS1625	702327	702575	0.2020541832868354	0.12223441673410305	-0.07981976655273232	87326	138839	246392	695085	-1.2110101484867515	0.24709389726811562	0.004813307874350858	0.6891499721114462	NA	NA	rep	null				
Likely_chrXVI_25	735284	736097	-0.3774882084541297	-0.35041404650359737	0.027074161950532406	120283	172078	213153	728324	-1.1284536520073636	0.5165557271939466	-0.0044966605836704865	0.8128391873726943	NA	null	null	null				
ARS1626.5	783812	784042	0.9305667974388101	0.8793496774216579	-0.05121712001715217	123958	220315	164916	776561	0.08998617731772907	0.8487805333474666	-0.11066096074262499	0.984615140395379	null	null	act	null				
ARS1627	826045	826284	0.5275113531698783	0.31345181860443616	-0.21405953456544216	81716	259961	122679	818798	-0.4367491849162368	0.5534655217274478	0.12842547307523455	0.0755399454819764	null	null	null	null				
ARS1628	849538	849785	0.759446762662421	0.7699117418578876	0.010464979195466592	58215	236464	99182	842295	-0.622111665401036	0.7240510749919908	-0.0040715204800478855	0.6313773901423972	act	null	null	null				
ARS1630	887745	887992	0.42695042282663365	0.17989292442398047	-0.24705749840265318	20008	198257	60975	880502	0.026484705784958873	0.9708141956017202	0.05127557647570402	0.21003207340851412	null	null	null	null		R		R
ARS1631	939866	940112	0.31457276461336775	0.3191490692768985	0.004576304663530728	9865	146136	8854	932623	-0.28633264742060893	0.7240510749919908	-0.010186749007659479	0.8753202428648423	NA	NA	null	null				
ARS507	994680	994913	0.81437315314244	0.8119593252483596	-0.0024138278940804003	64679	91329	35930	987430	0.11156298696280853	0.8533512385061859	0.03993269378451192	0.36542111326605053	null	null	act	null				
ARS508	1029375	1029615	0.8677999999678152	0.8562742073506241	-0.01152579261719111	51385	56630	70629	1022129	0.22164390111308663	0.6771237649346123	-0.0028875426730254894	0.549969426688801	null	null	act	null				
ARS510	1079839	1080081	0.735593050513902	0.16973058875287347	-0.5658624617610285	919	6165	121094	1072594	-1.7054023299920207	6.469987940824383e-4	-0.5206223491701836	2.1210917033886153e-5	null	act	null	act	R			R
ARS511	1107176	1107413	0.7593744240221189	0.7407147172285395	-0.018659706793579374	15175	21166	148428	1099928	0.5226198044355161	0.22604611922488219	-0.1216423839154559	0.8802884781013455	act	null	act	null				
ARS511.5	1126033	1126465	-0.029141379512186514	-0.009921213970257914	0.0192201655419286	34032	40121	167383	1118883	0.7287613784189376	0.7240510749919908	-0.21122120603191075	0.039018994239353844	NA	NA	NA	null				
ARS512	1145921	1146169	0.2623607391414234	0.2137360547879933	-0.04862468435343008	53920	59917	187179	1138679	0.1591116132926631	0.8533512385061859	-0.02254710072287147	0.9312013514897168	null	act	rep	null				
Likely_chrV_3	1189164	1190495	0.04308983181846782	0.027235894505632824	-0.015853937312835	97163	103701	230963	1182463	-0.13247971820712245	0.9172816761133016	0.059171544478360705	0.24256925056395032	NA	null	NA	null				
ARS513.7	1211613	1211894	0.17893470807912504	0.08158002990621624	-0.09735467817290878	119612	125625	252887	1204387	0.9801266313019986	0.6771237649346123	-0.1305423492016904	0.5133538608769354	NA	NA	NA	null				
ARS514	1221044	1221289	0.6562738514689572	0.47102366282849456	-0.18525018864046264	129043	135038	262300	1213800	-0.30251400703324327	0.6146978056557075	-0.12675077473247343	0.7509619986156486	null	null	null	null				
Likely_chrV_4	1249584	1250847	0.47249272598920367	0.562421626265982	0.08992890027677838	157583	164087	258222	1242849	0.36940278413116046	0.4889869882115595	0.13028203877291644	0.0976424081838619	null	null	act	null				
ARS516	1287045	1287291	0.725097129380333	0.9005815027213773	0.17548437334104428	195044	201040	221269	1279802	0.05921326860325138	0.9124372549647082	0.014288256355328377	0.5006137825001653	null	null	act	null				
ARS517	1340289	1340490	0.46063392262647646	0.4715347907232373	0.010900868096760826	156510	254261	168048	1333023	0.053947219842878535	0.9428925460213552	-0.08302243857187586	0.7567932834121099	null	null	null	null				
ARS518	1372471	1372719	0.834516557823702	0.7868691398755933	-0.04764741794810878	124281	275930	135842	1365229	-0.1399909045771075	0.7995071166204998	-0.007109832249573511	0.6003558220131838	act	null	null	null				
ARS520	1437546	1438471	0.7525065547060503	0.7529203609822893	4.138062762390297e-4	58529	210517	70429	1430642	0.6093161296873584	0.09941046065392303	-0.017653616618278134	0.6962775640410599	null	null	null	null				
ARS522	1488689	1488937	0.5487424144783173	0.6526888948846533	0.10394648040633606	8063	159712	19624	1481447	0.25899546258217043	0.6483741390446104	0.13272209607149543	0.005883386089415236	rep	NA	null	null		A		A
ARS600.4	1519737	1520893	0.09763107473018344	0.1560268132024112	0.05839573847222779	0	128210	11857	1512949	1.8529626184183252	0.04223271952874112	-0.08329612864080871	0.2264676179007619	rep	act	NA	null		A		A
ARS602	1532734	1533314	0.07168342801461737	-0.18410979793527243	-0.25579322594988985	0	115501	24566	1525658	-1.13149985489542	0.28837414795161764	-0.03822171899806803	0.7538042451006722	rep	null	NA	null		R		R
Likely_chrVI_2	1561850	1563049	0.20922729124625522	0.21365457726021606	0.004427286013960835	20849	86076	53991	1555083	0.6497296646679604	0.7717616525990688	0.007034320490151513	0.6962775640410599	rep	null	NA	null				
ARS603	1568760	1568938	0.46437933072586524	0.4401726620046342	-0.024206668721231044	27759	79676	60391	1561483	1.0810187505229378	0.30515965822961333	-0.041688684132344944	0.7313493040318337	rep	null	null	null				
ARS603.1	1604529	1604767	-0.007027227843292004	0.05335153586710472	0.06037876371039673	14233	43877	96190	1597282	2.0949507035864903	0.20158350661082552	-0.009548303358014376	0.7694826686057618	NA	NA	null	null				
ARS603.5	1618704	1619024	0.3596500938493267	0.6174874519880935	0.25783735813876674	0	29661	110406	1611498	1.2999384945406307	0.00529993751888113	-0.09732792546624358	0.8502823267891294	null	null	null	null	A			A
ARS605	1636052	1636152	0.565052875394475	-0.33280611441473756	-0.8978589898092125	848	12423	127644	1628736	-2.298858969416563	0.007594053834386359	-0.5555201621233741	3.581847744029447e-8	null	null	rep	act	R			R
ARS606	1667366	1667800	0.6435255275375542	0.6344256378681724	-0.0090998896693818	12365	19055	101637	1660217	-0.06276133940081818	0.9172816761133016	-0.06616882217702824	0.865746274698521	null	null	null	null				
ARS607	1699006	1699116	0.7715566401725059	0.8286139841552254	0.057057343982719486	42884	50533	70159	1691695	0.1766708637618679	0.7446844153018632	-0.013058736197753884	0.5852967546990265	null	null	act	null				
ARS609	1755891	1756045	0.05892980314630975	0.13695371397170086	0.07802391082539112	0	107440	13252	1748602	1.2416740823660295	0.1688196238283531	0.03736981158774877	0.34474764666247176	rep	act	NA	null		A		A
Likely_chrVI_4	1767883	1768592	-0.8913529459859284	-0.048648536780700434	0.8427044092052279	0	119709	983	1760871	3.0050140132070378	0.010444525693982914	0.05177301307736415	0.26594689397982213	NA	NA	NA	null		A		A
ARS1405	1779907	1780138	0.04324225556565684	-0.28702104815292634	-0.3302633037185832	0	131494	10760	1772656	-0.0574118746279475	0.9708141956017202	-0.0015364054554656281	0.7651808678763693	rep	NA	NA	null				
ARS1406	1813035	1813331	0.3365899345238602	0.46144606505847807	0.12485613053461783	19034	164655	43921	1805817	0.7613507510309079	0.24709389726811562	0.07345190113485756	0.21011149115363648	null	null	rep	null				
ARS1407	1840967	1841240	0.7800968611327401	0.7609599544474098	-0.019136906685330267	46966	192575	71841	1833737	0.06054714384097393	0.9432807303574006	-0.0205897549001417	0.7651808678763693	null	act	null	null				
Dubious_chrXIV_3	1847184	1848399	0.17431941953091473	0.16685704163708642	-0.0074623778938283135	53183	199263	78529	1840425	0.47419511229845046	0.8611354809848712	-0.0014257047300789694	0.7060190819950275	NA	NA	NA	null				
ARS1410	1877927	1878419	0.21554805207279706	0.11604926993590581	-0.09949878213689124	83926	229645	108911	1870807	-0.7771466634943871	0.3721882271524233	-0.0018929607604480925	0.7923487097980636	null	null	null	null				
ARS1411	1921004	1921241	0.6835050276514529	0.7040824617992262	0.02057743414777332	116759	272594	151860	1913756	0.010596297984926117	0.9822141934017633	0.04159427307526542	0.36730729545930213	null	null	null	null				
ARS1412	1947492	1947727	0.6696744127209577	0.5029511200001011	-0.16672329272085662	90273	299081	178347	1940243	-0.5010524479139242	0.48572147838894986	0.08116091946506532	0.041193920056964387	rep	null	rep	null				
ARS1413	2001696	2001942	0.34380010261065885	0.2002778315310858	-0.14352227107957305	36058	353291	232557	1994453	-0.48653518886381164	0.5165557271939466	-0.006814602810746306	0.8336644814074196	null	null	rep	null				
ARS1414	2031315	2031547	0.7119406168382396	0.4305958161623522	-0.2813448006758874	6453	348740	262169	2024065	-0.3232832953819047	0.5760742932888605	0.06937233827773048	0.22805156878910954	null	null	rep	null			R	R
ARS1415	2073353	2073645	0.7864156305722139	0.8487150528053917	0.06229942223317787	26352	306672	304237	2066133	0.4386727632328782	0.2944450282161471	0.11500001454359032	0.12326641512978449	null	null	act	null				
Likely_chrXIV_9	2094399	2095552	-0.030367016657188283	0.013130714665589384	0.04349773132277767	47398	285196	325713	2087609	1.2281366292956188	0.5534655217274478	0.10190221335145422	0.041193920056964387	NA	NA	null	null				
ARS1311.7	2103945	2104431	0.05182052295894695	0.014259813332383272	-0.03756070962656368	56944	275983	334926	2096822	-1.718759378634375	0.3779839884852228	0.02290406818629842	0.48179803424986056	NA	NA	rep	null				
ARS1417	2163703	2163932	0.7361472732778909	0.6694758976715198	-0.06667137560637104	91068	216354	366233	2156451	-0.21916766927095122	0.6781116490557856	0.03061172236562726	0.37560556961048663	null	null	rep	null				
ARS1419	2200788	2201032	0.7799638962259098	0.7185097530585568	-0.06145414316735298	53968	179261	329140	2193544	-0.0699575406581543	0.9122601335252642	-0.019551783412198986	0.9436653178257379	null	rep	null	null				
ARS1420	2250432	2250676	0.6723253401769261	0.37792058173491033	-0.29440475844201586	4324	129617	279496	2243188	-0.5900917477949288	0.3240382541283525	-6.866041052333571e-4	0.7224614103430415	null	null	rep	null			R	R
ARS1421	2297410	2297644	0.062416159403873676	0.12080830394270572	0.058392144538832055	36409	82644	232523	2290161	1.347425196424527	0.33643614932308463	-0.07302998362834257	0.9410887142066366	null	null	null	null				
ARS1422	2312550	2312827	0.7381364440889382	0.8112923760208295	0.0731559319318913	24173	67483	217362	2305322	-0.2471594310366778	0.7625309255866178	-0.10145182418832732	0.9940125385903733	NA	NA	act	null				
ARS1424	2360902	2361149	0.834175757102428	0.7128337063295866	-0.1213420507728413	7901	19146	169025	2353659	0.7914527722247215	0.04946871762853352	-0.30203915205858034	0.07601265512777663	null	null	null	null	R			R
ARS1426	2386617	2386857	0.6541681356449839	0.047090711392189163	-0.6070774242527948	1616	6563	143313	2379371	-3.3201626878524984	4.802476680022666e-7	-0.7947346166452283	3.462897793555929e-12	act	null	rep	act	R			R
ARS1427	2442439	2442683	0.627794370034925	0.5480764243067527	-0.07971794572817222	8438	62387	87489	2435195	0.9732384457332328	0.08463068383249232	-0.04221825941693669	0.7224614103430415	null	rep	null	null				
ARS1428	2464598	2465091	-0.26890288668204937	-0.17170811200944275	0.09719477467260658	28909	84670	65206	2457478	1.3153164293232371	0.32790948329063624	-0.020864504667083894	0.9040096294617109	NA	NA	rep	null				
Dubious_chrXIV_14	2482041	2482751	0.22069618417027825	0.11310466474722905	-0.1075915194230492	11249	102222	47654	2475030	0.751190290423715	0.7240510749919908	0.012173005857503583	0.6027780033315081	NA	NA	NA	null				
ARS1428.5	2489507	2489938	0.7808276910656764	0.5801103776205837	-0.20071731344509272	4062	109548	40328	2482356	-0.6200552579968943	0.3997791993536899	-0.03841495878389911	0.7469925609049621	rep	null	null	null		R		R
ARS1429	2514958	2515456	0.04344520109171221	-0.21491616422841767	-0.2583613653201299	0	135033	14843	2507841	-0.4538512900786983	0.8123874006112727	-0.04340728258663362	0.5852967546990265	NA	NA	NA	null				
ARS1303	2552429	2552676	0.8033688985692558	0.7582383068498745	-0.045130591719381274	21428	172378	22481	2545186	-0.6035453832394264	0.06956865921522544	0.009026606798820946	0.5315508353900847	rep	act	act	null				
ARS1305	2614955	2615201	0.8097177747933649	0.7859870634580913	-0.023730711335273567	83954	179398	85007	2607712	0.5885307649883345	0.20158350661082552	0.12717532345408555	0.052347386424019524	null	null	null	null				
ARS1307	2658038	2658286	0.8240778719884165	0.8404977034373456	0.01641983144892905	89714	136314	128091	2650796	0.02581283775815102	0.962812607570526	0.03648614844635034	0.4042948856755021	null	null	act	null				
ARS1308	2704529	2704772	0.7388486500646247	0.7984374423658913	0.05958879230126653	43228	89826	174579	2697284	0.14303991113811598	0.7625309255866178	-0.05390849773099804	0.7651808678763693	null	null	act	null				
Likely_chrXIII_5	2753490	2753953	0.028226557553039287	0.35335962660610676	0.3251330690530675	0	40755	223650	2746355	2.691685083780015	1.0461726165061198e-4	0.0758747319900559	0.20636944703348895	null	act	rep	null	A			A
ARS1309	2789528	2789761	0.8433919116812214	5.298688572611213e-4	-0.8428620428239603	1239	4832	259573	2782278	-4.394958028790893	4.802476680022666e-7	-0.8659033525342079	3.462897793555929e-12	null	null	null	act	R			R
ARS1310	2812458	2812742	0.8354733597465426	0.8168436782401904	-0.018629681506352178	12457	18121	282529	2805234	1.239099173039306	0.002572421502165113	-0.1155431092530772	0.984615140395379	null	null	act	null	A			A
ARS1312	2896652	2896896	0.8764807220218944	0.9399758964168782	0.06349517439498378	44104	102295	366703	2889408	0.3274418435016404	0.3997791993536899	-0.14497237485590797	0.6098495274569038	null	null	act	null				
Dubious_chrXIII_9	2920474	2921673	-0.07564389764745202	-0.046801519443074036	0.028842378204377992	19327	126594	391002	2913707	0.9508126650540922	0.6918385535381536	0.02503020777334064	0.49268125074025204	NA	NA	NA	null				
Likely_chrXIII_9	2946103	2947302	-0.11069157199733703	-0.2347336848411295	-0.12404211284379248	0	152223	416631	2939336	-0.736210306875185	0.7240510749919908	0.014893798630718047	0.5820365883339537	NA	NA	null	null			R	R
ARS1315	2958525	2959020	0.6522644687323801	0.6034925696189686	-0.048771899113411586	10524	164293	428701	2951406	-0.6275147817811093	0.24709389726811562	-0.060212096396176085	0.6313773901423972	null	null	null	null			R	R
ARS1316	2993851	2994141	0.11168217649181957	0.1880630631285708	0.07638088663675123	10850	199517	449265	2986630	-0.2918813109032996	0.7240510749919908	-0.047927851925403164	0.6313773901423972	null	null	null	null				
Likely_chrXIII_10	3005907	3009310	-0.334321943875964	-0.1384123744368878	0.19590956943907614	22906	213129	435653	3000242	1.4227820099655923	0.18630531482963866	-0.0046642801788427946	0.8011815049013344	NA	NA	null	null				
ARS1319	3029020	3029760	0.11749813990567752	0.033897781322718173	-0.08360035858295935	46019	234911	413871	3022024	0.050139832754854785	0.962812607570526	-0.06173532518615632	0.6098495274569038	null	rep	null	null				
ARS1320	3061269	3061516	0.7443465161067183	0.5608423892208325	-0.18350412688588583	78268	266913	381869	3054026	0.1962927156270453	0.7234412676052177	0.015990326404204724	0.5357889071711053	null	null	act	null				
ARS1322	3080066	3080423	0.12392552621364315	0.14051011285885087	0.016584586645207705	97065	285765	363017	3072878	1.6172361421627368	0.08141295746010924	-0.058713055702866335	0.7923487097980636	NA	NA	null	null				
Likely_chrXIII_11	3093800	3094768	-0.12328871414255475	-0.2621786824136326	-0.13888996827107788	110799	299805	348977	3086918	0.0962403982857925	0.9687655451031607	0.03150064716946521	0.37037754889764785	NA	NA	null	null				
ARS1323	3136945	3137159	0.6739550194074941	0.5308034165885097	-0.14315160281898442	153944	342573	306209	3129686	-0.41733818751309126	0.43457040975423544	0.03268641730460353	0.44983689821838807	null	null	act	null				
ARS1324	3160150	3160384	-0.29130914896092513	-0.1908943789542144	0.10041477000671074	133616	365788	282994	3152901	0.19939482398549446	0.9172816761133016	-0.0658525102632832	0.7313493040318337	NA	NA	null	null				
ARS1325	3174978	3175221	0.7987358434115602	0.5961603601285017	-0.20257548328305852	118779	380620	268162	3167733	-0.35001373575744976	0.4782681519881598	-0.029846981500697645	0.7574447577082836	null	null	act	null				
ARS1326	3214434	3214888	0.3113947345223619	0.22163666252033176	-0.08975807200203013	79112	364836	228600	3207295	0.04021273933201286	0.962812607570526	0.0036453659578012942	0.7313493040318337	null	null	rep	null				
ARS1327	3283889	3284136	0.6507150270845942	0.3819597846357733	-0.2687552424488209	9864	295485	159249	3276646	-0.2992039983595389	0.6441005765028502	-0.019108387030393637	0.8954145178598802	null	null	null	null			R	R
ARS1330	3341007	3341232	0.8517160577408333	0.8358785807207271	-0.015837477020106107	40006	238378	102142	3333753	0.45251342282550144	0.2836774261989794	-0.006595475756539626	0.5408949059200757	null	null	act	null				
ARS1331.7	3404284	3404779	0.0650212112814188	0.02286916064489406	-0.04215205063652474	38221	174966	38730	3397165	-1.0060599033290245	0.5165557271939466	0.10724160049372267	0.04219838943138407	NA	NA	null	null				
ARS1332	3423469	3423704	0.8682894948343772	0.672820127532307	-0.19546936730207023	19296	155911	19675	3416220	-0.11073047250389578	0.8083551214395032	0.2899648641374979	6.4228173179259e-4	null	act	act	null		A		A
Dubious_chrXII_3	3457546	3461301	0.16292049282688736	0.016763348915771963	-0.1461571439111154	0	120074	16141	3452057	-0.5991993200935875	0.6185131207323794	0.056468265088554404	0.14000652141259548	NA	NA	NA	null				
ARS1205	3505508	3505959	0.07784404557549936	0.08234970385049385	0.004505658274994493	24507	73764	62451	3498367	-1.0662595669502628	0.43457040975423544	-0.09460728113953709	0.6313773901423972	null	null	act	null				
ARS1206	3520214	3520455	0.638848974110338	0.7569223085710824	0.11807333446074449	21545	59163	77052	3512968	0.4020018902680307	0.3997791993536899	-0.1721121630334661	0.539589056507591	null	rep	act	null				
Dubious_chrXII_5	3568089	3569242	0.22148563947414537	-0.028135182575125234	-0.2496208220492706	0	10832	125383	3561299	-1.251336129612399	0.18630531482963866	-0.6848298185054833	8.551791962349111e-10	NA	NA	rep	act	R			R
ARS1208	3579499	3579951	0.3268575781382034	-0.07769387595580289	-0.4045514540940063	0	225	136443	3572359	-0.13724117222894372	0.9486553786144667	-0.7281975087080461	4.608253127854649e-12	act	null	NA	act	R			R
ARS1209	3585177	3585413	0.7058964736350981	-0.12757315412268525	-0.8334696277577833	1587	5795	142013	3577929	-2.818063198654875	7.573964940608994e-4	-0.7488385967017102	3.462897793555929e-12	act	null	null	act	R			R
ARS1211	3659705	3659947	0.7625203623202602	0.8731646401237886	0.11064427780352837	38704	80326	216544	3652460	-0.07250576656397723	0.8736572416655644	0.10823035613233079	0.16231492713616746	null	null	act	null				
ARS1212	3717744	3717992	0.6631242863464866	0.2560756420554566	-0.40704864429103005	3743	138368	274586	3710502	-0.9777839139368543	0.09959010784756851	-0.030889874869270972	0.8814630324425332	rep	null	rep	null			R	R
ARS1213	3801679	3801922	0.9157493984112974	0.807275466173073	-0.10847393223822444	59678	222300	358518	3794434	-0.2768447986955991	0.5312855675899008	-0.004327048710313086	0.539589056507591	null	null	act	null				
ARS1215	3841191	3841419	0.7048974811076424	0.6198913390372691	-0.08500614207037324	29581	261805	398023	3833939	-0.08005308861476346	0.9124372549647082	-0.017131743529254617	0.6767403494486953	null	null	act	null				
ARS1217	3975655	3975903	0.8601353845123945	0.8060864198159979	-0.05404896469639649	90654	396279	532497	3968413	0.02840689611015179	0.9586898112969251	0.026624898194734792	0.4122933617123369	null	null	act	null				
ARS1218	4065726	4065942	0.8483031367376652	0.9294884305578955	0.08118529382023029	180725	486334	462137	4058468	0.06057193138963601	0.9172816761133016	-0.16985155900187143	0.7469925609049621	NA	NA	act	null				
ARS1219	4085460	4085910	0.0538517004285071	0.03013687080952166	-0.023714829618985446	200459	506185	442286	4078319	-0.7421999793149567	0.6550651871292078	-0.11100011764757456	0.5852967546990265	NA	NA	null	null				
ARS1219.7	4107725	4108213	-0.2249639154740069	-0.2870858616989814	-0.06212194622497454	222724	528469	420002	4100603	-1.2249118016451561	0.5908928964071454	-0.028962430145227813	0.9552117892309158	NA	NA	rep	null				
ARS1220	4122611	4122859	0.8071893293216047	0.7971185962837863	-0.010070733037818358	237610	543235	405236	4115369	-0.3793212456080317	0.35680108222395096	0.01755064684142571	0.47083846669901686	null	null	null	null				
ARS1220.5	4150037	4150525	-0.12045703837984503	-0.03620506783321388	0.08425197054663115	265036	570781	377690	4142915	1.1596940582024677	0.37950732262814463	0.10234142722660167	0.04261209786220782	NA	NA	null	null				
ARS1222	4193063	4193619	0.2921157948168932	0.31403107032456273	0.02191527550766955	306381	613841	334630	4185975	-0.03842288030961294	0.962812607570526	-0.03412973335142255	0.7923487097980636	NA	NA	act	null				
ARS1223	4207730	4207966	0.5108964616320137	0.5003436961841314	-0.010552765447882195	292034	628348	320123	4200482	-0.424785929228209	0.5760742932888605	0.09989018988430076	0.15828160087461107	null	null	act	null				
ARS1226	4256809	4257057	0.8077500698716445	0.7741525375859006	-0.03359753228574395	242943	582265	271038	4249567	0.0770416735283872	0.8818028395909888	-0.08478754544227196	0.9330461564853078	act	null	rep	null				
ARS1227	4290627	4291055	0.15922794990073644	0.1315680207176642	-0.027659929183072234	208945	548357	237130	4283475	0.46848662272141706	0.622153215998768	-0.07485401606945552	0.38275858573786803	null	null	rep	null				
ARS1227.5	4357291	4357531	0.7394590537742626	0.7532127342118597	0.013753680437597171	142469	481787	170560	4350045	0.5348450511079283	0.36042869470931355	-0.1023428983667305	0.16259533307262486	null	null	rep	null				
ARS1229	4396776	4397264	0.2745130791493273	0.06188970810566991	-0.21262337104365742	102736	442178	130951	4389654	-0.8984615297708669	0.33365672711658734	0.030855890925595375	0.37560556961048663	null	null	rep	null				
ARS1231	4416634	4417083	0.5461069853659029	0.7426724430366799	0.196565457670777	82917	422340	111113	4409492	0.9713717348522302	0.02268037536950876	0.06683667094633905	0.17185904301344093	null	null	null	null				
ARS1232	4475907	4476196	0.8245820528474347	0.7765160237920695	-0.04806602905536517	23804	363147	51920	4468685	-0.09285603606104553	0.9124372549647082	0.024350698843291108	0.4977034407942657	NA	NA	null	null				
ARS1233	4482520	4482747	0.3290947865890829	0.37120595029745884	0.042111163708375886	17253	356565	45338	4475267	0.4782307582833017	0.8333793764183905	-0.04003660226046768	0.7651808678763693	NA	NA	null	null				
ARS1234	4492698	4492937	-0.03931225463747978	-0.03412495051678788	0.005187304120691905	7063	346381	35154	4485451	1.0091118114336428	0.6050640695352799	0.036885112288915556	0.32107735057353043	null	NA	rep	null				
Likely_chrXII_3	4511528	4512681	-0.41397178730459866	-0.430890252795404	-0.016918465490805352	0	327094	15867	4504738	1.691988943690889	0.3502910057060913	0.00411702152131177	0.7023115094655087	NA	NA	null	null				
ARS1506.5	4548290	4548525	-0.06487808079527176	0.7048447481488104	0.7697228289440822	2475	290791	4991	4541041	0.029175667266368777	0.9586898112969251	0.20893424353294665	0.002181402877309257	null	null	act	null		A		A
ARS1507	4585259	4585494	0.06027364574709148	0.043058572113408716	-0.017215073633682763	11258	253822	41960	4578010	1.0394237646428754	0.45034958651233026	0.013885684585216662	0.6313773901423972	NA	NA	null	null				
ARS1508	4597818	4598066	0.29356072334686134	0.08520874244421521	-0.20835198090264612	23817	241256	54526	4590576	-0.16398056349797918	0.9053203525130744	0.06278810615825625	0.2958798753592312	NA	null	null	null				
ARS1509	4626462	4626702	0.8092608422989007	0.8885045660811671	0.07924372378226634	52461	212616	83166	4619216	0.6741812050179847	0.04223271952874112	-0.01132025069553988	0.5852967546990265	null	null	act	null				
ARS1510	4679593	4679838	0.8834590348932478	0.7680425432316332	-0.11541649166161454	105592	159483	136299	4672349	-0.12079205156782713	0.8000445163134328	-0.05158809802156683	0.7567932834121099	null	null	act	null				
ARS1510.5	4740100	4740735	0.7572048208061254	0.9119881751089975	0.15478335430287216	166099	98781	197001	4733051	-0.017694064995713354	0.9708141956017202	0.03540714097868625	0.37560556961048663	null	null	act	null				
ARS1511	4790145	4790393	0.8853230323976621	0.8625999999493161	-0.022723032448346024	216144	48929	246853	4782903	-0.24703944336092487	0.5534655217274478	-0.09540886828644135	0.9939789541057478	null	null	act	null				
ARS1512	4821585	4822077	-0.21529988271006062	0.05568207795350755	0.27098196066356817	234923	17367	278415	4814465	-0.0747190024919071	0.9486553786144667	0.12361880472970421	0.14000652141259548	null	null	rep	act	N			N
ARS1513	4849895	4850143	0.8417446256641403	0.8022857230191569	-0.03945890264498342	206857	10701	306603	4842653	-0.05934746580708783	0.9124372549647082	-0.08750114340828374	0.9040096294617109	null	null	null	act	N			N
ARS1513.5	4949346	4949579	0.8261309450338369	0.7769751101307719	-0.049155834903064966	107421	110144	406046	4942096	-0.05188519508991529	0.9172816761133016	0.09960480588620713	0.189602379198223	null	null	act	null				
Likely_chrXV_13	4976312	4977490	0.24677983088988115	0.13336620200715027	-0.11341362888273088	79510	137583	433485	4969535	-0.7847884275097781	0.33861459335559685	0.11596484895944159	0.0755399454819764	act	null	null	null				
ARS1514	5002259	5002742	0.7570318868665984	0.5701406366568952	-0.18689125020970324	54258	163182	459084	4995134	-0.44598424269406367	0.43457040975423544	0.09360775651953235	0.17279604012214725	null	null	act	null				
ARS1515.5	5009759	5010217	0.17700628466909574	0.05238928986793098	-0.12461699480116475	46783	170670	466572	5002622	-0.002751226573453447	0.9980659127009728	-0.008605781721952033	0.7574447577082836	null	null	NA	null				
Likely_chrXV_14	5026873	5028072	0.046354333472231196	0.12784403771368993	0.08148970424145874	28928	188154	484056	5020106	0.21929915481106954	0.9124372549647082	-0.0022754055804063977	0.7694826686057618	NA	null	NA	null				
ARS1515.7	5033156	5033654	0.04864285262295343	0.07692598660259384	0.02828313397964041	23346	194087	489989	5026039	-0.4383367874670766	0.8149515468909004	0.010972715597648897	0.6313773901423972	NA	null	rep	null				
ARS1516	5079024	5079257	0.7881647555576771	0.6541903818774427	-0.13397437368023435	18023	239822	507233	5071774	-0.05559055679794733	0.9289867271539703	0.025653940566571	0.47083846669901686	null	null	rep	null			R	R
ARS1517	5113500	5113574	0.4280205795500014	0.31351025137636396	-0.1145103281736374	52499	274219	472836	5106171	-0.18827074904387153	0.7825483883503025	0.03607141767461375	0.36730729545930213	null	null	rep	null				
Likely_chrXV_17	5129528	5131041	0.11130538831318543	0.12494171617588726	0.013636327862701825	68527	290966	456089	5122918	0.603650515652717	0.35680108222395096	0.06792543338553791	0.17279604012214725	null	act	null	null				
ARS1519	5169247	5169490	0.7733896131235394	0.4934175232720505	-0.27997208985148886	108246	330050	417005	5162002	-0.5952816902964182	0.28837414795161764	0.05282268913998278	0.1857347245223011	NA	NA	null	null				
ARS1520	5193727	5194225	0.5781304596779581	0.4045105452886325	-0.17361991438932553	132726	354658	392397	5186610	-0.47926869183659315	0.4843180441979002	0.03699737929010616	0.33602494855622106	null	null	rep	null				
ARS1521	5242164	5242393	0.3346901908732843	0.18191030457399893	-0.15277988629928535	181163	402960	344095	5234912	-0.01743843815643009	0.981972372057882	0.03705794192992351	0.29908384179518865	null	null	rep	null				
ARS1523	5279042	5279286	0.5661345702044818	0.6899322613566912	0.12379769115220936	218041	439846	307209	5271798	0.06733771824366963	0.9172816761133016	0.006677646037209994	0.6313773901423972	null	null	null	null				
ARS1524	5295769	5295987	0.1367060012400967	0.12882626362859387	-0.007879737611502818	234768	456560	290495	5288512	-0.20855472066582426	0.8426509835977194	0.01758535468785727	0.5732606933796464	NA	NA	rep	null				
ARS1525	5367163	5367653	0.6531908439278845	0.612227242169377	-0.040963601758507585	217347	528090	218965	5360042	0.2836697224556586	0.6781116490557856	0.03886834023500918	0.44983689821838807	null	null	null	null				
ARS1526	5386616	5386859	0.31570343718014127	0.05060199671806615	-0.2651014404620751	198141	547419	199636	5379371	0.26935293683841866	0.8000445163134328	0.013804747174641196	0.5852967546990265	null	null	null	null				
Dubious_chrXV_9	5413813	5415576	0.4142103457509435	0.4158677328898883	0.0016573871389448103	169424	575376	171679	5407328	-1.2249118016451561	0.5908928964071454	0.0564070893731321	0.32249360664556614	NA	NA	NA	null				
ARS1528	5420718	5420966	0.9005986229482903	0.8361238056876095	-0.0644748172606809	164034	581524	165531	5413476	0.08330297734703418	0.9172816761133016	-0.001305349638246689	0.6007631668015473	act	null	null	null				
Likely_chrXV_26	5457779	5458978	-0.4018032194094525	-0.2847389182779524	0.11706430113150013	126022	564374	127995	5451012	0.5031802924300948	0.8155624036075652	-0.023958334625783007	0.8954145178598802	NA	NA	NA	null				
ARS1529	5493882	5494117	0.4974236070773022	0.7513864127929601	0.25396280571565794	90883	528753	92374	5486633	0.653232173155053	0.08141295746010924	-0.12082854354107142	0.539589056507591	null	null	null	null				
Likely_chrXV_29	5534970	5536073	-0.041942412631175575	-0.016506125271328217	0.025436287359847362	48927	487231	50852	5528155	0.726240756276922	0.7240510749919908	5.024215712263747e-4	0.7609008816063528	NA	NA	null	null				
ARS1529.5	5565915	5566325	0.7724203244999764	0.8089797033687385	0.03655937886876204	18675	456632	20253	5558754	-0.0929740054294852	0.8426509835977194	0.0494511893735845	0.32249360664556614	null	null	act	null				
Likely_chrXI_3	5598657	5599366	0.053839112056923065	-0.1397617529657945	-0.19360086502271753	0	423741	12617	5591645	-0.7776723241838748	0.6161912761372901	0.15342358710844994	5.629300997066334e-4	rep	act	NA	null				
ARS1103	5638868	5639114	0.7400149419079265	0.8859838166861077	0.14596887477818124	24867	383761	52597	5631625	0.27891223385719766	0.5534655217274478	0.07851229369080337	0.2377184543082165	null	null	act	null				
ARS1104.5	5681529	5681767	0.7277064502156096	0.7098647967874587	-0.017841653428150882	67528	341104	95254	5674282	0.22489084675970794	0.7240510749919908	0.02204486038354725	0.5006137825001653	null	null	rep	null				
ARS1106	5736134	5736372	0.8468247893132591	0.7646560617404337	-0.08216872757282545	109628	286499	149859	5728887	0.15202900362634608	0.7717616525990688	0.04841588512314954	0.37560556961048663	null	null	null	null				
ARS1106.3	5779242	5779487	0.09704810027588351	0.03109731747162837	-0.06595078280425513	66513	243388	192970	5771998	0.46948122563240613	0.6441005765028502	0.02302164870313228	0.4997702760432357	NA	NA	null	null				
ARS1106.7	5796639	5796943	0.6755207883529976	0.5398324903894643	-0.13568829796353327	49057	225961	210397	5789425	-0.016593658657415578	0.9708141956017202	-0.04141696834109165	0.9868969671822322	null	null	null	null				
Likely_chrXI_5	5818852	5820135	-0.5151748847630289	-0.35247014194092524	0.16270474282210365	25865	203259	233099	5812127	1.3224366193423465	0.43457040975423544	0.06826717453164721	0.057577005534824595	NA	NA	null	null				
ARS1107	5840950	5841398	0.6164483056965808	0.23240415902383785	-0.384044146672743	4602	181578	254780	5833808	-1.1030209771974917	0.05366273381835326	-0.05569095146409708	0.7923487097980636	null	null	rep	null			R	R
ARS1107.5	5885712	5886083	0.4441046470969809	0.7334026565581667	0.28929800946118583	8917	136855	299503	5878531	0.28457626347444354	0.5534655217274478	0.09865300700845392	0.16231492713616746	act	null	act	null			A	A
ARS1109	5912882	5913130	0.6300002428661867	0.3777056616472911	-0.25229458121889564	16881	109746	326612	5905640	-0.4045076513549324	0.5761910733960706	-0.10055648559827457	0.6962775640410599	act	null	rep	null			R	R
ARS1112	5972173	5972467	0.7726986150283598	0.6324971038069429	-0.1402015112214169	14172	50432	268704	5865383	0.05961242893885199	0.93027280258984	-0.06909451603328853	0.7538042451006722	null	rep	act	null	R			R
ARS1113	6000388	6000620	0.2608736949161399	0.09392209996992938	-0.16695159494621045	42387	22248	240520	5837199	-0.20359259781113037	0.8333793764183905	-0.30157824759255214	8.956533839142133e-4	null	null	rep	act	R			R
ARS1114	6030509	6030743	0.6880377662097309	0.5970077107138667	-0.0910300554958641	27257	7871	210398	5807077	0.6019794345476344	0.4316428359043302	-0.42693844975158846	0.0029407982698553482	null	null	null	act	R			R
ARS1114.5	6037299	6042042	0.2364376893873259	0.413796812834081	0.17735912344675508	15958	16915	201354	5798033	1.0060778369247074	0.3246517304047718	-0.3767332864121895	0.005883386089415236	null	null	null	act	R			R
ARS1116	6099504	6099752	0.7529078473048996	0.8304952459641728	0.07758739865927329	22503	76873	141396	5738075	0.016839279719280675	0.9708141956017202	-0.032810106843614406	0.7923487097980636	null	null	null	null				
ARS1117	6112921	6113410	0.019655102859631332	0.05085361092082117	0.031198508061189838	35920	90410	127859	5724538	1.2148897279809434	0.44246643052173007	-0.03811772599120067	0.8954145178598802	NA	NA	null	null				
ARS1118	6164320	6164557	0.5743054338947398	0.25706080933745834	-0.3172446245572814	69443	141683	76586	5673265	0.3032284063648847	0.7240510749919908	-0.07155017175788192	0.37037754889764785	null	null	rep	null				
ARS1120	6194728	6194960	0.8806857430883743	0.8719847073541349	-0.008701035734239377	39040	172089	46180	5642859	0.5706715626880561	0.18630531482963866	-0.07931352845643236	0.6943199116129883	null	null	null	null				
ARS1123	6225213	6225459	0.13878029211350137	0.14441336994090806	0.00563307782740668	8541	164256	15688	5612367	0.3334253413187729	0.7240510749919908	0.0605205254863137	0.14883416212261644	rep	act	null	null				
Likely_chrI_2	6254978	6255687	-0.0025223188810575177	-0.13635093157350178	-0.13382861269244425	1977	134260	14287	5582371	0.6244462729988752	0.774494923284947	0.05411622379576819	0.16231492713616746	rep	null	NA	null				
ARS104	6269074	6269309	0.49753915291216416	0.7008451110141425	0.2033059581019784	3691	120401	28146	5568512	0.6094346912631519	0.3240382541283525	0.09043040562775584	0.041193920056964387	NA	NA	act	null		A		A
ARS105	6278842	6281426	0.17940321157996572	0.0033951953976812665	-0.17600801618228445	841	109458	39089	5557569	-1.2975495442871394	0.30515965822961333	0.026237825050287267	0.4122933617123369	rep	NA	null	null				
ARS106	6308383	6308615	0.6803799245149451	0.7190149795685032	0.03863505505355813	30382	81093	67454	5529204	0.29757605306233703	0.5534655217274478	-0.01752429537097111	0.9330461564853078	null	null	rep	null				
ARS107	6362475	6362723	0.13974178063781706	0.2064842649173226	0.06674248427950555	38277	26993	78423	5475104	0.4526472488455715	0.6385345787330922	-0.11980930691293823	0.23560195647455678	null	null	null	null				
ARS108	6384831	6385817	0.2612016741356227	-0.007694073689528209	-0.26889574782515085	15183	4268	55698	5452379	-1.6276490755927695	0.3506524179454424	-0.47851039302164167	4.901593580360229e-6	act	null	null	act	R			R
ARS109	6397759	6397979	0.2527037575246758	0.08806175057991193	-0.16464200694476383	3021	8271	43153	5439834	-0.24096471663307706	0.9118833769114784	-0.25563710100429704	0.25718995447502124	NA	NA	null	act	R			R
ARS110	6414009	6414256	0.33122257631953045	0.7140338332742773	0.3828112569547469	4008	24534	26890	5423571	1.685554939732897	7.742848160993166e-4	-0.008981058432267597	0.6003558220131838	null	null	act	act	A	A		A
ARS202	6495138	6495372	0.8328548186214257	0.7866137555304994	-0.04624106309092642	38137	105657	54212	5342448	0.3395998976024073	0.3807628923015489	0.14774312511270682	0.07504693537646848	null	null	act	null				
ARS206	6574844	6575991	0.3129702287614692	0.06868713998433709	-0.24428308877713206	15843	94303	134374	5262286	-0.8602748626934447	0.2978020212457779	0.017055270927571087	0.539589056507591	null	rep	rep	null	R			R
ARS207	6602027	6602275	0.05182687240531805	0.07593396813870523	0.024107095733387186	43026	67569	161108	5235552	0.8440463283946916	0.6483741390446104	-0.08511146517776846	0.5686675413544496	null	null	null	null				
ARS207.5	6630171	6630411	0.8006900628078033	0.7298128857157538	-0.07087717709204963	17589	39429	189248	5207412	0.0293699125403748	0.9600869017053257	-0.054114646825508705	0.7948117591390619	null	null	act	null				
ARS207.8	6641166	6642041	-0.2217586043232675	0.07758359900920948	0.29934220333247696	5959	28117	200560	5196100	0.6130263809506193	0.774494923284947	0.04776220328841041	0.37560556961048663	NA	NA	act	null				
ARS208	6669621	6669720	0.38341704646746316	-0.021089147813618182	-0.40450619428108137	280	50	228627	5168033	-3.667731620411385	6.469987940824383e-4	-0.48335118199868465	8.352114694176275e-4	null	null	null	act	R			R
ARS209	6685859	6686104	0.7604758527866871	0.8455221359807301	0.08504628319404313	14858	16258	244938	5151722	1.2992980598243755	6.469987940824383e-4	-0.07394558376967453	0.7948117591390619	null	null	null	null	A			A
ARS211	6757062	6757297	0.8352511211135293	0.733936396527425	-0.10131472458610427	86061	87456	316136	5080524	-0.3487533800372953	0.44219272135802323	0.04350443979691199	0.4849528950673749	act	null	null	null				
ARS212	6809397	6810156	0.04852794892269007	0.07565439476696938	0.027126445844279305	138396	140053	368733	5027927	0.7374674099311597	0.6050640695352799	0.006797878825607562	0.6313773901423972	NA	NA	rep	null				
ARS214	6838796	6839028	0.8877898753968431	0.8170399286375196	-0.07074994675932347	167795	169189	397390	4998791	-0.05442190586040674	0.9124372549647082	-0.03669858061068987	0.7313493040318337	null	null	null	null				
ARS216	6913136	6913383	0.8735820093462544	0.8724707125495839	-0.0011112967966705072	242135	243536	323043	4924444	0.07794414252931059	0.8894264994064193	-0.17116018099535335	0.45443508514383885	null	null	act	null				
ARS217	6943280	6944279	-0.063136077048257	-0.017804836809224674	0.04533124023903232	231721	274056	292523	4893924	0.47386632618218827	0.8333793764183905	-0.019244867538670274	0.9410887142066366	NA	NA	NA	null				
ARS218	6965612	6966173	0.16253653515355654	0.21183436786400184	0.04929783271044529	209827	296169	270410	4871811	0.16778915649880233	0.8662204484343136	-0.015808799532504914	0.9700216440349525	null	null	null	null				
ARS219	7017894	7018182	0.11330858726299345	0.08211051179858778	-0.031198075464405672	157818	328977	218264	4819665	0.11372036600500035	0.9269252204700705	-0.05416421356936696	0.6027780033315081	null	null	NA	null				
ARS220	7049095	7049363	0.609624098520149	0.6514775477525174	0.041853449232368514	126637	297786	187073	4788474	0.47188215382259324	0.4811901221813752	-0.11835656066308187	0.7469925609049621	null	null	act	null				
ARS221	7058404	7058715	0.2718010691878123	0.2566532062478045	-0.01514786294000781	117285	288456	177743	4779144	-0.3064300413251295	0.8000445163134328	-0.15737205064086068	0.37560556961048663	null	null	act	null				
ARS221.5	7102417	7103136	-0.32100376459873387	-0.2236541131787278	0.09734965142000605	72864	244239	133526	4734927	-0.06991460789886128	0.962812607570526	0.054845342571265165	0.17144458689630487	null	null	NA	null				
ARS222	7130720	7130990	0.7381153692471878	0.69282716813269285	-0.04528820111449501	45010	216160	105447	4706848	0.199885636984507	0.7581801464487011	0.03210668698089836	0.34399857445896	null	null	NA	null				
ARS223	7147071	7147507	-0.23379545253619813	-0.049530509792546744	0.1842649427436514	28493	199726	89013	4690414	1.2014123867264894	0.48572147838894986	0.07442904481785906	0.056009510764292704	NA	NA	null	null				
ARS224	7167983	7168272	0.6328665866248909	0.21767991051591676	-0.41518667610897414	7728	178888	68175	4669576	-0.6371699048504742	0.40175336211685836	-0.04146638882208431	0.6660606108745841	rep	null	null	null		R		R
ARS225	7183855	7184085	-0.05512531424777161	-0.07798099104976242	-0.0228556768019908	0	163045	52332	4653733	-0.4639034793426422	0.7648004645623515	0.018609733150064534	0.509670760410014	NA	NA	rep	null				
ARS227	7200383	7200812	-0.22164578087580059	0.03806812579887617	0.25971390667467675	0	146418	35705	4637106	-0.5771841259703452	0.5549493976855636	-0.01279359670236202	0.9330461564853078	NA	NA	null	null				
ARS228	7218582	7218806	0.34441797492680726	-0.0974687787062592	-0.44188675363306645	0	128321	17608	4619009	-3.4701155103890944	0.0017828510961292842	0.07481955392306205	0.1029620399719755	rep	NA	NA	null		R		R
ARS229	7228397	7229083	0.18764299911088528	0.11000608997613785	-0.07763690913474744	0	118275	7562	4608963	1.0657800914071682	0.3506524179454424	0.15439476413310627	0.0017157714347747852	rep	NA	act	null		A		A
ARS305	7273969	7274516	0.8354231624925224	0.7360424601321093	-0.09938070236041308	36968	72773	37919	4563461	-0.44987037815362196	0.34857097133260445	0.08305408262343494	0.22805156878910954	null	null	act	null				
ARS306	7309267	7309486	0.7387570210026972	0.7613041310599356	0.02254711005723838	16514	37639	73053	4528327	0.6116177938329619	0.22604611922488219	0.24214522571184527	0.008857638945544285	null	null	act	null	A			A
ARS307	7341502	7342017	0.8499904369276007	-0.22740933252859485	-1.0773997694561956	501	5256	105436	4495944	-2.9238863762024434	2.9029389365664715e-6	-0.5082115938599507	2.753183783218672e-5	null	null	null	act	R			R
ARS309	7364032	7364375	0.6267586460755777	0.619529153083184	-0.007229492992393727	10031	17185	127880	4473500	0.4933090250946379	0.37864412763415284	-0.21854689826609563	0.28994892033514175	null	null	null	act	R			R
ARS310	7406999	7407844	0.7899015464822169	0.8278663543803754	0.03796480789815845	19998	60403	157856	4430282	-0.1923130209804309	0.8818028395909888	-0.09771591139691926	0.865746274698521	null	null	act	null				
ARS314	7449046	7449277	-0.16665977254595565	-0.21064906612295528	-0.04398929357699965	62045	102143	116116	4388542	-1.753232635218875	0.35680108222395096	-0.021434010155495065	0.931392950056772	NA	NA	NA	null				
ARS315	7476484	7476729	0.869794185003291	0.8667842020510335	-0.0030099829522574804	59271	129588	88671	4361097	0.5803489642737585	0.09941046065392303	-0.004285876502658104	0.5852967546990265	null	null	act	null				
ARS316	7524519	7524762	0.23769420621499338	0.13294619402741312	-0.10474801218758027	11238	177622	40637	4313063	-0.2938907009631926	0.774494923284947	-0.05330886808088198	0.549969426688801	rep	act	null	null				
ARS317	7544199	7544500	0.003612355442427789	-0.30667296135859773	-0.31028531680102556	0	197331	20928	4293354	-0.4905551088197829	0.8100619412543627	-0.06463226855450621	0.539589056507591	NA	NA	NA	null				
ARS404	7592280	7592335	0.6843394019774028	0.6651606857776642	-0.01917871619973862	25279	245289	27009	4245396	0.07045219423508708	0.9053203525130744	-0.11289908476285304	0.539589056507591	null	null	null	null				
ARS405	7632044	7632275	0.19170287166368857	-0.04288463200035708	-0.23458750366404565	65043	285141	66861	4205544	0.07571771381846393	0.9486553786144667	0.0074885094545289466	0.6379229688107589	null	null	NA	null				
ARS406	7669716	7669999	0.8265615941633081	0.8272139846998761	6.523905365679178e-4	102715	322839	104559	4167846	-0.21866431514535112	0.6781116490557856	-0.19506415213808337	0.14000652141259548	null	null	act	null				
ARS407	7683543	7683905	0.008586632144377422	0.027493957802140187	0.018907325657762764	116542	311770	118426	4153979	0.7364794820046345	0.7717616525990688	-0.0838199840359064	0.2958798753592312	NA	NA	rep	null				
ARS408	7703842	7704332	0.06855860757417041	0.0422537691761114	-0.02630483839805901	136841	291407	138789	4133616	0.7192700547200142	0.4889869882115595	-0.028687513893353556	0.816392275405753	NA	NA	null	null				
Dubious_chrIV_1	7715199	7716398	-0.3682468200392193	-0.31488436276714005	0.053362457272079264	148198	279696	150500	4121905	1.132255939981572	0.48925810578915907	-0.01815207700533006	0.9878953913413266	NA	NA	NA	null				
ARS409	7758518	7758765	0.694042770051828	0.606133038077944	-0.08790973197388394	191517	236853	193343	4079062	-0.4659223714709668	0.35680108222395096	-0.0035583383204387253	0.7469925609049621	null	null	rep	null				
ARS409.3	7778232	7778709	-0.05682874885585397	0.21538416103484576	0.27221290989069974	211231	217024	213172	4059233	1.2988068951588583	0.3997791993536899	0.03896961182950798	0.3373399669666827	NA	NA	NA	null				
ARS409.5	7782028	7782276	-0.25349723223541953	0.16587264191513879	0.4193698741505583	215027	213342	216854	4055551	1.2014123867264894	0.48572147838894986	0.032381346845415715	0.37560556961048663	NA	NA	rep	null				
ARS410	7799882	7800130	0.4298579973309554	0.25657412920451383	-0.17328386812644156	232881	195488	234708	4037697	-0.18698732887647296	0.788253808811301	-0.044350161937661614	0.6561354425621008	NA	NA	null	null				
ARS413	7875655	7875903	0.7643336008191907	0.8151761003766194	0.05084249955742874	286097	119715	310481	3961924	0.35011732851628885	0.3502910057060913	0.0531291036526913	0.3141331858687739	null	null	act	null				
ARS414	7954182	7954423	0.4026614388979499	0.577090392222746	0.17442895332479608	207577	41192	389004	3883401	0.588854360260592	0.33861459335559685	-0.06349730330239378	0.931392950056772	null	null	act	null				
ARS415	7981168	7981499	0.7459114235807135	0.47791091403568603	-0.2680005095450275	180501	14161	416035	3856370	-0.6302809227282462	0.28837414795161764	-0.22517752926822454	0.32595954375935265	null	null	null	act	N			N
ARS416	8008036	8008305	0.7291286025886182	0.5964861462881536	-0.13264245630046467	153695	12673	442872	3829533	-0.4734211377836446	0.35680108222395096	-0.1751691760141838	0.6235901736958009	null	NA	null	act	N			N
ARS417	8029453	8029697	-0.03674022721848926	0.0036680486534728454	0.04040827587196212	132303	34078	464277	3808128	0.3724427551082916	0.7446844153018632	-0.09869774846984503	0.7224614103430415	NA	NA	act	act	N			N
ARS417.5	8050942	8051183	0.4950765603255306	0.30158131395161314	-0.19349524637391743	110817	55565	485764	3786641	-0.10302235170941243	0.9124372549647082	-0.01566520405020011	0.7567932834121099	null	null	null	null				
ARS418	8108597	8108833	0.8541462021537974	0.7559520600549614	-0.09819414209883597	53167	113218	543417	3728988	-0.20033970649363209	0.6483741390446104	0.08189204252213411	0.21794029828183847	null	NA	act	null				
ARS420	8182447	8183043	0.2130046694064726	-0.01171524774026404	-0.22471991714673664	3446	187248	617447	3654958	-0.9037466152079362	0.5165557271939466	-0.04182579382034701	0.6098495274569038	NA	NA	rep	null			R	R
ARS421	8193234	8193482	0.6712600715667847	0.6473170411953805	-0.023943030371404262	14233	197861	628060	3644345	-0.3631112845100497	0.5760742932888605	-0.07323333623788875	0.2958798753592312	null	rep	rep	null				
ARS422	8256257	8256502	0.8928543221821307	0.7208515820787528	-0.17200274010337788	77256	260882	691081	3581324	-0.44785246487797714	0.3502910057060913	-6.886857937260515e-4	0.7651808678763693	null	null	rep	null				
Likely_chrIV_8	8273251	8274604	-0.2779989335585087	-0.28066904750042276	-0.002670113941914104	94250	278430	708629	3563776	0.5301329083717472	0.7539078903281943	0.050040247555820594	0.1809853800616896	NA	NA	rep	null				
ARS422.5	8301762	8302007	0.6435372864973901	0.6227771942693043	-0.02076009222808569	77993	306387	736586	3535819	2.007472403936559	0.09959010784756851	0.03336782890295553	0.34121583114373827	null	null	act	null				
ARS423	8306537	8306768	0.7592112534176344	0.7364378129613811	-0.022773440456253367	73232	311155	741354	3531051	-0.4918050860282306	0.5908928964071454	-7.931928634901109e-4	0.7651808678763693	null	null	NA	null				
ARS425	8359419	8359644	0.8137359742218062	0.7643015072584856	-0.0494344669633207	20356	364034	716450	3478172	-0.5978652969780782	0.20158350661082552	-0.019755044508960484	0.9747645921494988	null	null	null	null			R	R
Likely_chrIV_10	8429166	8436165	0.061087962463055256	0.09242346779732603	0.03133550533427078	33165	437168	643316	3405038	-0.06130951341711466	0.962812607570526	0.07186798499622449	0.14661732622213242	NA	NA	NA	null				
ARS428	8467157	8467405	0.758935435948123	0.8503438065170125	0.09140837056888951	71156	471784	608700	3370422	0.13011795380113877	0.7995071166204998	0.030665932832828924	0.37560556961048663	null	null	act	null				
ARS430	8570001	8570298	0.7344946197215343	0.783682009251059	0.049187389529524825	174000	574652	505832	3267554	0.3263025530553372	0.7023557644762393	0.01951151867773926	0.5006137825001653	null	null	null	null				
Likely_chrIV_13	8574922	8575631	0.5203117255453773	0.4123883254651172	-0.10792340008026002	178921	579779	500705	3262427	-0.46816579424961235	0.8533512385061859	-0.0168129849755545	0.7567932834121099	null	null	NA	null				
ARS431	8611205	8611452	0.6851591771488549	0.5982586622478501	-0.08690051490100484	159548	615831	464653	3226375	-0.22032902918103003	0.7240510749919908	-0.05273404708527574	0.8826426264408153	null	null	rep	null				
ARS431.5	8663329	8663569	0.11338859165337241	0.04540957866769856	-0.06797901298567385	107431	667952	412532	3174254	-1.0214423428592723	0.5534655217274478	0.005406832114583704	0.6962775640410599	null	null	rep	null				
ARS432	8712627	8712875	0.48457417550335924	0.6219310212326816	0.13735684572932236	58125	717254	363230	3124952	1.1392786475294752	0.3714759374481311	-0.07305725148460884	0.865746274698521	NA	NA	act	null				
ARS432.5	8719375	8719597	0.6868483899954723	0.6554406908060938	-0.03140769918937851	51403	723989	356495	3118217	-0.2893834196802685	0.8083551214395032	-0.16616957868672144	0.6943199116129883	NA	NA	act	null				
ARS433	8794247	8794475	0.8959442528921792	0.6864038802997862	-0.209540372592393	7246	773104	281620	3043342	-0.34015922842801505	0.5165557271939466	0.014262694083810201	0.6313773901423972	null	null	rep	null			R	R
ARS434	8829590	8829817	0.23005678594025256	0.12039556073798248	-0.10966122520227008	42589	737762	246278	3008000	-0.8372603643424825	0.2978020212457779	-0.011364397270269055	0.9010986536948263	null	null	rep	null				
ARS435	8855957	8856196	0.7992880812121762	0.811443414621883	0.012155333409706759	68956	711389	219905	2981627	-0.11203811469246983	0.8155624036075652	0.008402052521262693	0.6313773901423972	null	null	rep	null				
ARS437	8906701	8906873	0.903609595087452	0.8296060604626503	-0.07400353462480166	119700	660678	169194	2930916	0.3149819866995376	0.4771534154003603	-0.00908898682229875	0.7609008816063528	null	null	null	null				
Likely_chrIV_16	8932406	8933959	0.011779930091509419	0.026018455465454903	0.014238525373945488	99041	634283	142799	2904521	-0.24655125270885916	0.9172816761133016	0.014553170684921568	0.5757289564200285	null	null	NA	null				
ARS439.5	8938359	8938837	0.16597823137592424	0.14088613997753413	-0.02509209139839011	94163	628867	137383	2899105	-1.4558256489372141	0.14465874527520714	0.009724877939784271	0.6313773901423972	null	null	NA	null				
ARS440	8957485	8957719	0.532737126671676	0.22357429166634876	-0.3091628350053273	75281	609863	118379	2880101	-0.0029467924263624212	0.9967011804356539	0.01755296670128348	0.5133538608769354	null	null	rep	null				
ARS441	9000504	9002133	0.04048491742339076	0.05888507116532643	0.01840015374193566	30867	566147	74663	2836385	0.09612543942515653	0.962812607570526	0.06537423442247747	0.12564357728932252	NA	NA	rep	null				
ARS442	9015055	9015366	0.8925865123796667	0.6606463980343606	-0.231940114345306	17634	552255	60771	2822493	0.49426244035432365	0.35680108222395096	-0.0725689821688269	0.5757289564200285	null	null	rep	null		R		R
ARS446	9040110	9040353	-0.24157727963693154	-0.23675478603996214	0.004822493596969402	0	527234	35750	2797472	-0.011440122167078792	0.9939117239278699	-0.03866895571735496	0.6313773901423972	NA	NA	null	null				
ARS447	9055829	9056426	0.06680476676698352	0.3207996080784229	0.2539948413114394	5828	511338	19854	2781576	1.2741430335003006	0.08141295746010924	0.05868633165442283	0.2063897331018651	rep	act	null	null		A		A
ARS700.5	9088341	9088823	0.576464560605313	0.7350416409302942	0.15857708032498125	0	478883	12580	2749121	0.49448332358241487	0.27014267280787996	0.45268777459234344	6.098802225899241e-10	rep	act	act	null		A		A
Likely_chrVII_3	9102692	9105145	-0.2683927206025519	-0.0817958548547651	0.18659686574778683	0	463547	27916	2733785	-1.3344648280058546	0.48399587511153547	0.0818262657316915	0.046912901488170414	NA	NA	NA	null				
ARS702	9134991	9135239	0.7708676210847724	0.6357865367867701	-0.13508108429800228	7990	432350	59113	2702588	0.27059743220861066	0.5549493976855636	-0.01756723648571845	0.865746274698521	rep	act	null	null				
ARS704	9182789	9183027	0.7008768133039753	0.5103687978605512	-0.1905080154434241	5973	384557	106906	2654795	-0.0695599095409154	0.9486553786144667	-0.08351080101991815	0.37560556961048663	rep	rep	NA	null			R	R
ARS706	9188180	9188663	0.34895012276272797	0.2749008442847361	-0.0740492784779919	337	379044	112419	2649282	-0.7454052431966298	0.7446844153018632	-0.006214923102169756	0.8088032431096276	rep	rep	NA	null				
ARS707	9233887	9234153	0.8418161255143555	0.6574769923451836	-0.18433913316917183	12847	333445	158018	2603683	-0.5085413139065271	0.28837414795161764	-0.0802886634666764	0.7901004477335977	null	null	act	null			R	R
ARS709	9257948	9258357	-0.12533218591678433	-0.10253047522430013	0.022801710692484198	0	309313	182150	2579551	-1.2516655483164403	0.5165557271939466	0.018573155006011755	0.6313773901423972	NA	NA	null	null				
ARS710	9274624	9274865	0.388672605854749	0.5056407269367501	0.11696812108200112	9623	292721	198742	2562959	0.19447391954198245	0.7240510749919908	0.08048209896672254	0.20201945854344142	null	null	act	null			A	A
ARS712	9311680	9312148	-0.17468517088856186	-0.10254813660817869	0.07213703428038318	46679	255551	235912	2525789	-0.2979012040136688	0.8123874006112727	-0.056355196807457375	0.4977034407942657	NA	NA	NA	null				
ARS714	9356658	9356952	0.9036999998119591	0.823286613165322	-0.08041338664663711	70048	210660	280803	2480898	-0.09446142627149268	0.8426509835977194	-0.1053186065032139	0.7923487097980636	null	null	act	null				
Likely_chrVII_10	9389455	9390164	0.09241476912016461	0.16601045589561753	0.07359568677545293	36836	177656	313807	2447894	0.13288299598507347	0.9053203525130744	0.06694556801634488	0.14883416212261644	null	act	NA	null				
ARS716	9423405	9423626	0.4598632399608065	0.1071207394275266	-0.3527425005332799	3374	143950	347513	2414188	-0.6382870610564564	0.35680108222395096	-0.02743303764533289	0.984615140395379	null	act	null	null			R	R
ARS717	9459368	9459601	0.5925109845790428	0.6079143501414872	0.015403365562444371	20367	107981	383482	2378219	0.336906453073079	0.5534655217274478	0.15717739747237358	0.03964945485681834	null	null	act	null				
ARS718	9491801	9492049	0.8682004047365712	0.7710072728524725	-0.0971931318840987	52800	75540	415923	2345778	-0.3645272112591016	0.3807628923015489	0.025555870890343835	0.4122933617123369	null	null	act	null				
ARS719	9555641	9555868	0.8829726986369194	0.8920785659237912	0.009105867286871721	11132	11711	479752	2281949	0.9354996127299113	0.00529993751888113	0.013313784225373215	0.4977034407942657	null	null	null	null	A			A
ARS720	9579126	9579374	0.851552762500094	0.04839779827569224	-0.8031549642244018	1125	11782	503248	2258453	-2.8695393019004856	5.2862436123031934e-6	-0.42086127240568816	0.001665217480032115	null	null	null	act	R			R
ARS721	9638971	9639218	0.6114573361732626	0.47334487796310454	-0.13811245821015808	18970	71626	507438	2198609	-0.2524780594176419	0.8533512385061859	-0.10147135295218646	0.7747195754969017	null	null	act	null				
ARS722	9645103	9645396	0.7045134348528725	0.6550446665611397	-0.0494687682917329	25102	77781	501283	2192454	0.21279811989434938	0.7995071166204998	-0.019569241516241842	0.7313493040318337	null	null	NA	null				
Dubious_chrVII_8	9662080	9663279	0.0052030530856508345	0.026033434184888998	0.020830381099238165	42079	95211	483853	2175024	0.7580304268069415	0.7023557644762393	-0.020388888107032876	0.9436653178257379	NA	NA	NA	null				
ARS724.5	9677656	9678098	-0.14437010519884869	-0.1474755791943041	-0.003105473995455401	57655	110409	468655	2159826	-0.7709371376966634	0.6483741390446104	0.03344951666377538	0.37878529099669866	NA	NA	null	null				
Likely_chrVII_14	9690720	9692993	-0.40713798706219084	-0.3873333863715243	0.01980460069066655	70719	124388	454676	2145847	0.7982593320965596	0.7240510749919908	0.062185195612610045	0.12351079419257224	NA	NA	act	null				
Dubious_chrVII_9	9697054	9698388	-0.18735512807946675	-0.28579677450895014	-0.09844164642948337	77053	130253	448811	2139982	0.7364794820046345	0.7717616525990688	0.001917357208311543	0.7469925609049621	NA	NA	NA	null				
ARS726	9724087	9724566	0.5375866674714618	0.4444450709554884	-0.09314159651597341	104086	156858	422206	2113377	-0.018503336272396753	0.9929914681376777	-0.21047730547614796	0.07063945934513287	null	null	null	null				
ARS727	9730285	9730529	0.7870134958604567	0.7169772127858636	-0.07003628307459304	110284	162939	416125	2107296	-0.5200594733823851	0.5549493976855636	-0.2606046610755306	0.03874932828393041	null	null	act	null				
ARS728	9785749	9786031	0.7795761777318408	0.8667268772007298	0.08715069946888898	165748	218422	360642	2051813	-0.1625537083152011	0.7240510749919908	-0.07698069171790967	0.9992618435959102	null	null	act	null				
ARS729	9848441	9848689	0.8077036350606436	0.7580011047353068	-0.04970253032533678	228440	281097	297967	1989138	-0.22879237808814157	0.5908928964071454	-0.03492370673465328	0.749189721431546	null	null	act	null				
ARS731	9904966	9905209	0.7398871072654516	0.8380909325972281	0.09820382533177652	197791	337619	241445	1932616	0.11263677330883937	0.7995071166204998	-0.07467615614829315	0.8557717377221675	null	null	act	null				
ARS731.5	9958824	9959072	0.8831287422173792	0.8208666667242446	-0.06226207549313463	143928	284821	187584	1878755	-0.20290827402573175	0.6394806399810262	-0.052776566087640475	0.7405168340492666	null	null	act	null				
Likely_chrVII_18	10040215	10041414	0.1388475107436534	0.20184103502581516	0.06299352428216176	61586	202955	105718	1796889	2.0641834320483294	0.20158350661082552	0.0022546484315011384	0.7469925609049621	NA	NA	NA	null				
ARS733	10048204	10048452	0.5774398605667124	0.459265061131762	-0.11817479943495038	54548	195441	98204	1789375	0.802235255315555	0.3506524179454424	-0.039059897509457375	0.7313493040318337	null	null	rep	null				
ARS734	10069923	10070168	0.6714868309294305	0.6287711232012203	-0.04271570772821015	32832	173724	76487	1767658	-1.0857892374350098	0.3502910057060913	-0.05465224802612556	0.6943199116129883	null	null	rep	null				
Likely_chrVII_19	10074671	10076574	0.3759438913232055	0.3416722975097367	-0.03427159381346875	26426	168147	70910	1762081	0.5981362713044894	0.8149515468909004	-0.06481197778681747	0.44983689821838807	null	null	NA	null				
ARS735.5	10133726	10134186	0.42644040043036835	0.574271087295666	0.1478306868652977	7814	109813	12576	1703747	0.6343289940612808	0.22604611922488219	-6.528059640120709e-5	0.7651808678763693	NA	NA	null	null		A		A
Likely_chrVIII_1	10148039	10149893	-0.25709701451704725	-0.2785349737896324	-0.02143795927258515	0	94803	2413	1688737	2.1444692106464505	0.035994853710153145	-0.00671698765901807	0.8212708269127638	NA	NA	NA	null				
ARS804	10183918	10184404	0.07310739994778322	0.04266421750511701	-0.030443182442666205	16917	59608	37608	1653542	0.3332855137676607	0.8611354809848712	-0.06914548801498643	0.5133538608769354	NA	NA	null	null				
Likely_chrVIII_2	10194980	10197501	0.3668355057451765	0.37315596659411016	0.0063204608489336915	21499	47529	49687	1641463	-0.0332141446914771	0.987870437366158	-0.20930717430249923	0.03676941593614298	NA	NA	NA	null				
ARS805	10202585	10202819	0.8172017085636761	0.7756193742684439	-0.04158233429523221	16181	41067	56149	1635001	-0.2165398525626543	0.8083551214395032	-0.1829281821787596	0.2874158774968595	null	rep	act	null				
Dubious_chrVIII_3	10225802	10227781	-0.4441765737955017	-0.35511095198717985	0.08906562180832181	0	16978	80238	1610912	0.06707969100184222	0.9708141956017202	-0.175030086582592	0.011303155513420786	NA	NA	NA	null				
ARS805.7	10249058	10249528	0.4378572010184043	-0.03325816329307617	-0.4711153643114805	7472	5521	102740	1588410	-0.7230159286264592	0.7898862930712379	-0.721609124189851	3.513634694452087e-10	null	null	NA	act	R			R
Likely_chrVIII_3	10253446	10255019	0.6616945454676442	0.04521789994539358	-0.6164766455222506	1981	10460	107679	1583471	-1.3190435449700697	0.22604611922488219	-0.6770159188984399	1.3402674179909746e-8	null	null	null	act	R			R
ARS807	10271111	10271354	0.40759224982046693	0.7574639029678751	0.3498716531474082	2110	27460	124679	1566471	1.6528151380207983	2.675675210756795e-4	-0.20899840647889834	0.509670760410014	null	null	act	null	A			A
ARS809	10306295	10306536	0.3169879692686162	0.08940793232627972	-0.22758003694233653	37294	62643	159862	1531288	-0.12516208620921399	0.9124372549647082	-0.12705827897513888	0.29525660825562466	null	null	null	null				
Likely_chrVIII_5	10330223	10331422	-0.09108255962471377	-0.11859410058706998	-0.02751154096235621	61222	87050	184269	1506881	-0.7454052431966298	0.7446844153018632	0.013330383508331156	0.6313773901423972	NA	NA	NA	null				
Likely_chrVIII_6	10335578	10336777	-0.41549848158326413	-0.2618671631606089	0.15363131842265523	66577	92405	189624	1501526	1.3703231528372286	0.491770652658202	0.047577532482866225	0.22805156878910954	NA	NA	NA	null				
Likely_chrVIII_7	10354638	10355347	0.22361575992244512	-0.1274682461585797	-0.3510840060810248	85637	111220	208439	1482711	-0.9497171941424958	0.3997791993536899	-0.004497813155793118	0.8181181342132005	null	rep	NA	null				
ARS813	10399324	10399572	0.8038868099012209	0.5758762524788639	-0.22801055742235707	98428	155676	252895	1438255	-0.6572572868298656	0.16249510970561198	-0.11851075087900376	0.36730729545930213	null	null	null	null				
ARS815	10450486	10451078	0.8295073872740983	0.855730918098394	0.02622353082429566	46922	207010	227299	1386921	-0.12377954542459779	0.774494923284947	-0.07076610994950872	0.8954145178598802	null	null	act	null				
ARS816	10513071	10513529	0.5708321881363508	0.28592083964039644	-0.28491134849595434	9070	269528	164781	1324403	-0.5388557973487527	0.3568956791969976	-0.06681455746780851	0.46578181781451006	null	null	null	null			R	R
Likely_chrVIII_12	10533756	10535759	-0.09651759073311136	0.007572774302751779	0.10409036503586314	23241	290985	143324	1302946	1.94446377849737	0.16249510970561198	0.010890392186047038	0.6313773901423972	NA	NA	null	null				
ARS818	10545751	10545993	0.7051723561823287	0.5809025768553442	-0.1242697793269844	13007	302100	132209	1291831	-0.17386955350798416	0.7995071166204998	-0.0622860781679484	0.7469925609049621	rep	null	null	null			R	R
ARS820	10601225	10601458	0.7780522701577244	0.8599751297904555	0.08192285963273116	41224	357569	76740	1236362	0.4484306330417773	0.28837414795161764	0.04299424817593156	0.4122933617123369	null	null	act	null				
ARS821	10627917	10628400	-0.04275341154930513	-0.07890434357653225	-0.036150932027227134	60600	384386	49923	1209545	0.8123521839151605	0.622153215998768	0.04043165788413816	0.3373399669666827	null	null	null	null				
ARS822	10655357	10655597	0.5686713262135228	0.38260807144361575	-0.18606325476990695	33403	378081	22604	1182226	0.5056901790484765	0.4665952190160049	0.05232080607668754	0.2498742633843369	null	null	null	null				
ARS823	10673622	10674235	0.2776817031746708	0.17096671515248563	-0.10671498802218518	14765	359630	4153	1163775	0.6468359758894835	0.45921676301556463	0.02222060726734343	0.4977034407942657	rep	null	NA	null				
Dubious_chrIX_2	10689003	10689776	-0.7615117449939097	-0.14246238371506525	0.6190493612788445	0	344169	376	1148314	1.4633813889288676	0.44219272135802323	-0.006429810104712663	0.8336644814074196	NA	NA	NA	null				
Likely_chrIX_2	10693686	10696849	-0.4445240561765204	-0.08527985369053494	0.35924420248598543	0	338291	6254	1142436	1.3703231528372286	0.491770652658202	0.04118572065820891	0.25718995447502124	rep	NA	NA	null		A		A
Likely_chrIX_3	10708015	10709595	0.4061325702163556	0.38861350023040236	-0.017519069985953283	0	324753	19792	1128898	-0.7332546543541718	0.7539078903281943	0.04103256977227332	0.2643631959560438	rep	null	NA	null				
ARS905	10711285	10711752	0.5528488702583857	0.28622419940058325	-0.26662467085780245	0	322040	22505	1126185	0.5506824637268901	0.7717616525990688	0.07285838506958542	0.0755399454819764	rep	null	null	null		R		R
ARS907	10751754	10752170	0.5456235242976273	0.37243778223423457	-0.17318574206339274	38753	281596	62949	1085741	0.2798580862901132	0.8100619412543627	0.01235383772080545	0.6313773901423972	null	null	act	null				
ARS908	10758009	10758507	0.11963330354583845	0.1571390396089815	0.03750573606314306	45008	275300	69245	1079445	-0.4902589669468099	0.8000445163134328	0.055777271906671144	0.29883741897408095	null	null	NA	null				
ARS909	10783775	10784001	0.6761159025099834	0.7649423038906988	0.0888264013807154	70774	249670	94875	1053815	0.6052062223733663	0.14465874527520714	0.0904737404008995	0.25281538530472625	null	null	act	null				
ARS911	10814051	10814291	0.24165588710070646	0.10601552686606369	-0.13564036023464277	41709	219387	125158	1023532	-0.3999580167491992	0.6385345787330922	0.02167004508537418	0.5852967546990265	null	null	rep	null				
ARS911.5	10840893	10841258	-0.13956517209222338	-0.2487668808556428	-0.10920170876341943	14742	192483	152062	996628	0.972542086342447	0.6050640695352799	-0.06616913735758989	0.43031572376457633	NA	NA	NA	null				
ARS912	10852991	10853311	0.3300072694214705	0.06505816851287785	-0.2649491009085927	2689	180407	164138	984552	-0.6400920657169102	0.40903409689724146	-0.17495965152351567	0.030880954477505843	null	null	rep	null			R	R
ARS913	10892632	10892782	0.7192182498788728	0.7758400509952184	0.056621801116345474	14218	140851	203694	944996	-0.031180099223899305	0.9486553786144667	0.08695436342361607	0.20500204125137886	NA	NA	act	null				
ARS914	10925535	10925755	0.6457288038676681	0.34545087229971794	-0.30027793156795013	2534	107913	188257	912058	-0.7068991362292145	0.24709389726811562	-0.17746639927294927	0.2958798753592312	rep	rep	act	null			R	R
ARS916	10988537	10989023	0.29249111693008234	0.7488118388895952	0.4563207219595129	0	44778	125122	848923	2.2984478871297322	2.6828259673665012e-6	-0.08970404564528978	0.6313773901423972	null	null	rep	null	A			A
ARS919	11019809	11020051	0.46293370047550964	0.07279601423338117	-0.3901376862421284	808	13628	93972	817773	-0.3069623128863901	0.7625309255866178	-0.7894984626861878	8.791968001764172e-11	NA	NA	null	act	R			R
ARS920	11034712	11034948	0.47112594090098237	-0.11300854686170858	-0.584134487762691	1052	1269	79072	802873	-0.9378839528634895	0.3212867654354682	-0.8751238630275948	3.4365114256189334e-13	null	null	null	act	R			R
ARS922	11089373	11089608	0.8231845247206715	0.8887376617745492	0.06555313705387762	23392	55929	24412	748213	-0.05980332432274871	0.9124372549647082	0.05821522673383739	0.2958798753592312	null	null	act	null				
ARS1004	11115824	11116320	-0.5784282187021155	-8.673590200877917e-4	0.5775608596820276	823	82511	2149	721631	-2.8331913840143512	0.035994853710153145	0.08131136093358093	0.046912901488170414	NA	NA	NA	null				
ARS1005	11159631	11160112	0.8584674114920456	0.6531598729340368	-0.2053075385580089	19630	126310	45948	677832	0.6959564284542945	0.22604611922488219	0.05158635920337917	0.3373399669666827	null	null	act	null				
ARS1006	11191529	11191965	0.8223820448285474	0.7982568860417737	-0.02412515878677368	51528	158186	77824	645956	0.3632664777278891	0.4889869882115595	0.17206906746838424	0.03964945485681834	NA	NA	act	null				
ARS1007	11205395	11205996	0.00692220081643285	0.01591717918039375	0.008994978363960899	65394	172134	91772	632008	0.751190290423715	0.7240510749919908	0.009133078180497023	0.6313773901423972	null	NA	rep	null				
ARS1007.5	11253901	11254325	0.510333625943053	0.4746433654018477	-0.03569026054120529	113900	220552	140190	583590	0.19989165589384417	0.774494923284947	0.05340410444366861	0.30362992276049455	null	null	null	null				
ARS1008	11296192	11297080	0.7047727604371848	0.7036702895727683	-0.0011024708644165049	156191	231750	182713	541067	0.25597983918581235	0.6017198832525431	-0.021261316378828887	0.6313773901423972	NA	NA	act	null				
ARS1009	11320715	11321206	0.2091484836789812	0.11368740931011959	-0.09546107436886161	180714	207426	207037	516743	-0.9065812697803828	0.35904762555663833	-0.06930895834246265	0.8954145178598802	null	null	null	null				
ARS1010	11390938	11391418	0.6293289972442103	0.6828730866798327	0.05354408943562239	131582	137208	277255	446525	-0.422500850856121	0.4761142635626424	-0.061403809852759395	0.519749402442207	null	null	rep	null				
ARS1011	11429443	11429691	0.10443242011938389	0.014310869357113539	-0.09012155076227035	93309	98819	315644	408136	-1.0217275699088078	0.5165557271939466	-0.021442420257649752	0.984615140395379	null	null	rep	null				
ARS1012	11467040	11467282	0.8498640122564077	0.7567517226779085	-0.09311228957849935	55718	61225	353238	370542	-0.26935456725493534	0.5534655217274478	-0.054579090260581165	0.7923487097980636	null	null	act	null				
ARS1014	11509354	11509599	0.8499186663285181	0.8685233916047466	0.01860472527622855	13401	18910	395553	328227	0.40949151696270913	0.3361245050745048	-1.3651586293095264e-4	0.5228745225154012	null	null	act	null				
ARS1015	11534518	11534927	0.6910702492648024	-0.09228159662911563	-0.783351845893918	1517	6333	420799	302981	-5.147543941169311	2.83347012002742e-8	-0.6506357910386062	1.1383040514680216e-8	act	null	rep	act	R			R
ARS1016	11546546	11547517	0.06417809054510992	0.08933565765387724	0.02515756710876732	0	18642	433108	290672	2.059577251994292	0.20158350661082552	-0.22581178830483517	0.05470896189647285	NA	NA	NA	null	A			A
ARS1017	11551299	11551857	0.032392080821048025	0.1616350552006072	0.12924297437955917	2298	23189	437655	286125	2.196411329342245	0.16249510970561198	-0.0728843146585727	0.7680661782965148	NA	NA	rep	null	A			A
ARS1017.5	11593861	11594790	-0.11000748946795433	-0.02340872709164816	0.08659876237630618	9860	65936	480402	243378	1.0014746445923062	0.6050640695352799	0.02535352871773222	0.3904595239425639	NA	NA	NA	null				
ARS1018	11632507	11632741	0.8752871734030703	0.829916930705943	-0.04537024269712735	48506	104235	518701	205079	0.14744514802060404	0.7240510749919908	0.033845360705923255	0.37560556961048663	null	null	act	null				
ARS1019	11704806	11705238	0.9683952716977161	0.8842273119599018	-0.08416795973781437	120805	176633	591099	132681	0.048800526272361644	0.9172816761133016	0.061834790500366	0.2874158774968595	null	null	act	null				
ARS1020	11746337	11746576	-0.21380405277013778	-0.23517759082218012	-0.021373538052042326	162336	218067	632533	91247	0.4157058944639427	0.7706699804712858	-0.011617963584251045	0.816392275405753	null	NA	null	null				
ARS1021	11775596	11776084	0.8889680493016103	0.6542875722060825	-0.2346804770955279	191595	247451	661917	61863	-0.2627256390589645	0.5549493976855636	-0.22669671396485502	0.32249360664556614	null	null	act	null				
